,new_skincare_brand,new_skincare_product,new_generic_brand,new_generic_product,new_skincare_combo,new_generic_combo
0,dr. jart+,mask heroes face savers,dr. jart+,mask heroes face savers,dr. jart+ mask heroes face savers,dr. jart+ mask heroes face savers
1,moon juice,beauty shroom vegan collagen protection,moon juice,beauty shroom vegan collagen protection,moon juice beauty shroom vegan collagen protection,moon juice beauty shroom vegan collagen protection
2,moon juice,beauty shroom exfoliating acid potion,moon juice,beauty shroom exfoliating acid potion,moon juice beauty shroom exfoliating acid potion,moon juice beauty shroom exfoliating acid potion
3,sephora collection,face mask magic,sephora collection,face mask magic,sephora collection face mask magic,sephora collection face mask magic
4,laneige,kiss and make up set,milk makeup,meet the fam milk bestsellers set,laneige kiss and make up set,milk makeup meet the fam milk bestsellers set
5,drunk elephant,agent ellie day kit,beautyblender,sweet indulgence set,drunk elephant agent ellie day kit,beautyblender sweet indulgence set
6,olehenriksen,glow cycle retin-alt power serum,becca,shimmering skin perfector pressed highlighter mini macaron set,olehenriksen glow cycle retin-alt power serum,becca shimmering skin perfector pressed highlighter mini macaron set
7,welleco,the super elixir,too faced,the sweet smell of christmas-mini melted liquid lipstick set,welleco the super elixir,too faced the sweet smell of christmas-mini melted liquid lipstick set
8,la mer,merry little miracles,anastasia beverly hills,sultry eyeshadow palette,la mer merry little miracles,anastasia beverly hills sultry eyeshadow palette
9,drunk elephant,inspector drunk night kit,la mer,merry little miracles,drunk elephant inspector drunk night kit,la mer merry little miracles
10,tatcha,skincare for makeup lovers obento box,huda beauty,the overachiever high coverage concealer,tatcha skincare for makeup lovers obento box,huda beauty the overachiever high coverage concealer
11,sol de janeiro,bum bum carnaval extravaganza,sephora favorites,holiday perfume sampler,sol de janeiro bum bum carnaval extravaganza,sephora favorites holiday perfume sampler
12,fresh,sugar jetsetter,hourglass,ambient lighting edit volume 4,fresh sugar jetsetter,hourglass ambient lighting edit volume 4
13,drunk elephant,the big reveal kit,sunday riley,good genes holiday kit,drunk elephant the big reveal kit,sunday riley good genes holiday kit
14,olehenriksen,glow brightly - radiance-boosting super set,sephora collection,once upon a castle advent calendar,olehenriksen glow brightly - radiance-boosting super set,sephora collection once upon a castle advent calendar
15,fresh,destination sugar,dyson,airwrap styler,fresh destination sugar,dyson airwrap styler
16,summer fridays,overtime mask,yves saint laurent,mini tatouage collection,summer fridays overtime mask,yves saint laurent mini tatouage collection
17,peter thomas roth,mask frenzy,belif,merry merry moisturizers,peter thomas roth mask frenzy,belif merry merry moisturizers
18,fresh,sky high-dration,nars,little fetishes orgasm lip and blush set,fresh sky high-dration,nars little fetishes orgasm lip and blush set
19,algenist,secrets of algae kit,sephora collection,once upon a night blockbuster,algenist secrets of algae kit,sephora collection once upon a night blockbuster
20,olehenriksen,goodnight glow retin-alt sleeping crème,miu miu,l'eau rosee mini gift set,olehenriksen goodnight glow retin-alt sleeping crème,miu miu l'eau rosee mini gift set
21,clarisonic,mia prima sonic facial cleansing brush,nars,hot tryst cheek palette,clarisonic mia prima sonic facial cleansing brush,nars hot tryst cheek palette
22,herbivore,jade facial roller,drunk elephant,rescue party kit,herbivore jade facial roller,drunk elephant rescue party kit
23,kiehl's since 1851,brighten up & glow,fenty beauty by rihanna,killawatt foil freestyle highlighter palette,kiehl's since 1851 brighten up & glow,fenty beauty by rihanna killawatt foil freestyle highlighter palette
24,sunday riley,good genes holiday kit,it cosmetics,it's your life-changing skincare secret,sunday riley good genes holiday kit,it cosmetics it's your life-changing skincare secret
25,caudalie,brightening heroes,fenty beauty by rihanna,metallic eye + lip crayon set,caudalie brightening heroes,fenty beauty by rihanna metallic eye + lip crayon set
26,shiseido,everyday protection essentials,dior,joy by dior,shiseido everyday protection essentials,dior joy by dior
27,tatcha,pore-perfecting moisturizer & cleanser duo,hourglass,confession refillable lipstick duo,tatcha pore-perfecting moisturizer & cleanser duo,hourglass confession refillable lipstick duo
28,tatcha,bestsellers set,amorepacific,12 days of essential beauty,tatcha bestsellers set,amorepacific 12 days of essential beauty
29,laneige,sleep and glow set,charlotte tilbury,stars in your eyes eyshadow palette,laneige sleep and glow set,charlotte tilbury stars in your eyes eyshadow palette
30,origins,our best of the best,dyson,blown-a-ouai noir set,origins our best of the best,dyson blown-a-ouai noir set
31,kiehl's since 1851,bright delights,fenty beauty by rihanna,frosted metal lipstick set,kiehl's since 1851 bright delights,fenty beauty by rihanna frosted metal lipstick set
32,first aid beauty,skin summit,sand & sky,australian pink clay porefining face mask,first aid beauty skin summit,sand & sky australian pink clay porefining face mask
33,fresh,"ready, set, firm",fenty beauty by rihanna,pro filt'r complexion essentials,"fresh ready, set, firm",fenty beauty by rihanna pro filt'r complexion essentials
34,clarisonic,mia smart 3-in-1 connected sonic beauty device,sephora collection,cream lip stain collection set,clarisonic mia smart 3-in-1 connected sonic beauty device,sephora collection cream lip stain collection set
35,fresh,mask for miles,hourglass,confession refillable lipstick set,fresh mask for miles,hourglass confession refillable lipstick set
36,belif,merry merry moisturizers,origins,mini mask musts,belif merry merry moisturizers,origins mini mask musts
37,drunk elephant,rescue party kit,anastasia beverly hills,lip gloss set mini,drunk elephant rescue party kit,anastasia beverly hills lip gloss set mini
38,lancôme,lancôme holiday favorites,peter thomas roth,get drenched!,lancôme lancôme holiday favorites,peter thomas roth get drenched!
39,it cosmetics,it's your life-changing skincare secret,charlotte tilbury,party girl eye & lip kit,it cosmetics it's your life-changing skincare secret,charlotte tilbury party girl eye & lip kit
40,clinique,go-to glow set,sephora favorites,cologne sampler,clinique go-to glow set,sephora favorites cologne sampler
41,amorepacific,12 days of essential beauty,fenty beauty by rihanna,avalanche all-over metallic powder set,amorepacific 12 days of essential beauty,fenty beauty by rihanna avalanche all-over metallic powder set
42,glow recipe,limited edition watermelon jelly tote set,play! by sephora,play! smarts: k-beauty: skin innovation,glow recipe limited edition watermelon jelly tote set,play! by sephora play! smarts: k-beauty: skin innovation
43,olehenriksen,sauna glow - warming-cooling scrub & mask set,nars,spiked audacious lipstick,olehenriksen sauna glow - warming-cooling scrub & mask set,nars spiked audacious lipstick
44,glow recipe,blueberry bounce gentle cleanser,ghd,platinum+ professional performance 1\,glow recipe blueberry bounce gentle cleanser,ghd platinum+ professional performance 1\
45,sand & sky,australian pink clay porefining face mask,nars,little fetishes bronzer & highlighter set,sand & sky australian pink clay porefining face mask,nars little fetishes bronzer & highlighter set
46,play! by sephora,play! smarts: skincare by age: 40s,sunday riley,cleanse & detox aha/bha kit,play! by sephora play! smarts: skincare by age: 40s,sunday riley cleanse & detox aha/bha kit
47,caudalie,natural hydrating heroes,stila,3d dazzle mini glitter & glow liquid shadow set,caudalie natural hydrating heroes,stila 3d dazzle mini glitter & glow liquid shadow set
48,dr. jart+,holiday fantasy cera never runs dry,sephora collection,sephora pro editorial 2.0 palette,dr. jart+ holiday fantasy cera never runs dry,sephora collection sephora pro editorial 2.0 palette
49,drunk elephant,out of office,dior,diorific mat velvet colour lipstick,drunk elephant out of office,dior diorific mat velvet colour lipstick
50,caudalie,caudalie beauty secrets,clarisonic,mia smart cleanse & uplift holiday gift set,caudalie caudalie beauty secrets,clarisonic mia smart cleanse & uplift holiday gift set
51,sunday riley,flash fix kit,anastasia beverly hills,loose glitter,sunday riley flash fix kit,anastasia beverly hills loose glitter
52,dr. jart+,ceramidin cream,korres,wild rose radiance,dr. jart+ ceramidin cream,korres wild rose radiance
53,dr. jart+,superheroes skin transformers,fenty beauty by rihanna,match stix by the dozen,dr. jart+ superheroes skin transformers,fenty beauty by rihanna match stix by the dozen
54,charlotte tilbury,charlotte's magic cream,chanel,coco mademoiselle the essentials for the weekend,charlotte tilbury charlotte's magic cream,chanel coco mademoiselle the essentials for the weekend
55,glamglow,the superstar set,nars,manic velvet matte lip pencil set,glamglow the superstar set,nars manic velvet matte lip pencil set
56,dr. dennis gross skincare,c me sparkle,estée lauder,"repair and renew for radiant, youthful - looking skin",dr. dennis gross skincare c me sparkle,"estée lauder repair and renew for radiant, youthful - looking skin"
57,origins,mini mask musts,huda beauty,conceal & blend dual ended complexion brush,origins mini mask musts,huda beauty conceal & blend dual ended complexion brush
58,kate somerville,radically radiant,drybar,the brush crush heated straightening brush,kate somerville radically radiant,drybar the brush crush heated straightening brush
59,ren clean skincare,evercalm overnight recovery balm,fenty beauty by rihanna,mini fairy bomb,ren clean skincare evercalm overnight recovery balm,fenty beauty by rihanna mini fairy bomb
60,origins,"hello, calm relaxing & hydrating face mask with cannabis sativa seed oil",belif,winter waterdrop kit,"origins hello, calm relaxing & hydrating face mask with cannabis sativa seed oil",belif winter waterdrop kit
61,peter thomas roth,get drenched!,dior,rouge blush midnight wish,peter thomas roth get drenched!,dior rouge blush midnight wish
62,farmacy,cream of the crop,sephora collection,sephora pro smokey jewels palette,farmacy cream of the crop,sephora collection sephora pro smokey jewels palette
63,play! by sephora,play! smarts: k-beauty: skin innovation,anastasia beverly hills,metallic mini liquid lipstick set,play! by sephora play! smarts: k-beauty: skin innovation,anastasia beverly hills metallic mini liquid lipstick set
64,caudalie,ultimate anti-aging trio,hum nutrition,the sweetest thing,caudalie ultimate anti-aging trio,hum nutrition the sweetest thing
65,sunday riley,cleanse & detox aha/bha kit,givenchy,mystic glow powder,sunday riley cleanse & detox aha/bha kit,givenchy mystic glow powder
66,biossance,squalane + omega repair cream,biossance,love your face,biossance squalane + omega repair cream,biossance love your face
67,fresh,facial on the fly,sephora collection,sephora pro editorial 2.0 palette,fresh facial on the fly,sephora collection sephora pro editorial 2.0 palette
68,sephora collection,this is coco-nuts! set,kilian,my kind of love discovery set,sephora collection this is coco-nuts! set,kilian my kind of love discovery set
69,fresh,nonstop radiance,charlotte tilbury,hollywood lips lipstick mini set,fresh nonstop radiance,charlotte tilbury hollywood lips lipstick mini set
70,fresh,roundtrip ritual,murad,the ultimate glow-to's,fresh roundtrip ritual,murad the ultimate glow-to's
71,clarisonic,mia smart cleanse & uplift holiday gift set,viseart,grande pro volume i eyeshadow palette,clarisonic mia smart cleanse & uplift holiday gift set,viseart grande pro volume i eyeshadow palette
72,sunday riley,ceramic slip cleanser,dyson,special edition supersonic gift set,sunday riley ceramic slip cleanser,dyson special edition supersonic gift set
73,korres,wild rose radiance,fenty beauty by rihanna,mattemoiselle 10/10,korres wild rose radiance,fenty beauty by rihanna mattemoiselle 10/10
74,estée lauder,"repair and renew for radiant, youthful - looking skin",saturday skin,starlight bright,"estée lauder repair and renew for radiant, youthful - looking skin",saturday skin starlight bright
75,belif,winter waterdrop kit,bareminerals,deluxe original mineral veil setting powder stardust edition,belif winter waterdrop kit,bareminerals deluxe original mineral veil setting powder stardust edition
76,hum nutrition,the sweetest thing,sephora collection,enchanted sky eyeshadow palette,hum nutrition the sweetest thing,sephora collection enchanted sky eyeshadow palette
77,biossance,love your face,yves saint laurent,black opium cracker gift set,biossance love your face,yves saint laurent black opium cracker gift set
78,fresh,sugar carry-on,fenty beauty by rihanna,two lil mattemoiselles - chill owt edition,fresh sugar carry-on,fenty beauty by rihanna two lil mattemoiselles - chill owt edition
79,murad,the ultimate glow-to's,peter thomas roth,mask appeal,murad the ultimate glow-to's,peter thomas roth mask appeal
80,caudalie,mini mask trio,la mer,the luminous lifting cushion foundation spf 20 + refill,caudalie mini mask trio,la mer the luminous lifting cushion foundation spf 20 + refill
81,saturday skin,starlight bright,charlotte tilbury,the gift of magic skin mini skincare trio,saturday skin starlight bright,charlotte tilbury the gift of magic skin mini skincare trio
82,private doctor,minus serum,tarte,"amazonian clay customizable foundation, blush & primer set",private doctor minus serum,"tarte amazonian clay customizable foundation, blush & primer set"
83,peter thomas roth,mask appeal,dior,j'adore eau de parfum jewel,peter thomas roth mask appeal,dior j'adore eau de parfum jewel
84,charlotte tilbury,the gift of magic skin mini skincare trio,fenty beauty by rihanna,moroccan spice collection,charlotte tilbury the gift of magic skin mini skincare trio,fenty beauty by rihanna moroccan spice collection
85,origins,winter skin soothers,origins,winter skin soothers,origins winter skin soothers,origins winter skin soothers
86,murad,active retinol renewal kit,stila,shimmer heights mini shimmer & glow liquid eye shadow set,murad active retinol renewal kit,stila shimmer heights mini shimmer & glow liquid eye shadow set
87,it cosmetics,it's time to celebrate you!,dior,diorshow pump 'n' volume set,it cosmetics it's time to celebrate you!,dior diorshow pump 'n' volume set
88,clarisonic,mia smart cleanse and blend holiday gift set,drybar,the big crushin’ smoothing + styling bundle,clarisonic mia smart cleanse and blend holiday gift set,drybar the big crushin’ smoothing + styling bundle
89,amorepacific,bamboo me beautiful,it cosmetics,je ne sais quoi hydrating color awakening lip treatment confetti popper,amorepacific bamboo me beautiful,it cosmetics je ne sais quoi hydrating color awakening lip treatment confetti popper
90,clarisonic,poreless skin holiday gift set: mia smart x kiehl's,clarisonic,mia smart cleanse and blend holiday gift set,clarisonic poreless skin holiday gift set: mia smart x kiehl's,clarisonic mia smart cleanse and blend holiday gift set
91,welleco,the super elixir,charlotte tilbury,beauty universe makeup & skincare set,welleco the super elixir,charlotte tilbury beauty universe makeup & skincare set
92,dr. jart+,cicapair friends skin soothers,sephora collection,foot mask - almond,dr. jart+ cicapair friends skin soothers,sephora collection foot mask - almond
93,dr. dennis gross skincare,dew holiday right,lashfood,lash treatment set,dr. dennis gross skincare dew holiday right,lashfood lash treatment set
94,sephora collection,hand mask - avocado,amorepacific,bamboo me beautiful,sephora collection hand mask - avocado,amorepacific bamboo me beautiful
95,shiseido,best sellers set,stila,nude attitude mini stay all day liquid lipstick set,shiseido best sellers set,stila nude attitude mini stay all day liquid lipstick set
96,estée lauder,protect + hydrate keep glowing with powerful protection and 24-hour hydration,clarisonic,poreless skin holiday gift set: mia smart x kiehl's,estée lauder protect + hydrate keep glowing with powerful protection and 24-hour hydration,clarisonic poreless skin holiday gift set: mia smart x kiehl's
97,peter thomas roth,"jet, set, facial",sephora collection,color hit nail polish,"peter thomas roth jet, set, facial",sephora collection color hit nail polish
98,dr. dennis gross skincare,peel vault,atelier cologne,perfume treasures,dr. dennis gross skincare peel vault,atelier cologne perfume treasures
99,glamglow,the problem solver set,lashfood,lash & brow rx set,glamglow the problem solver set,lashfood lash & brow rx set
100,dr. dennis gross skincare,peel vault,welleco,the super elixir,dr. dennis gross skincare peel vault,welleco the super elixir
101,glamglow,the problem solver set,nudestix,sexy nude gloss balm kit,glamglow the problem solver set,nudestix sexy nude gloss balm kit
102,charlotte tilbury,charlotte's magic cream mini,bumble and bumble,thickening go big volumizing treatment,charlotte tilbury charlotte's magic cream mini,bumble and bumble thickening go big volumizing treatment
103,korres,greek beauty sleep,sephora collection,hand mask - avocado,korres greek beauty sleep,sephora collection hand mask - avocado
104,caudalie,on the glow french faves,nudestix,nudies blush n' glow duo,caudalie on the glow french faves,nudestix nudies blush n' glow duo
105,murad,revitalixir recovery serum,sephora collection,starlit large traincase,murad revitalixir recovery serum,sephora collection starlit large traincase
106,tata harper,let there be light,make up for ever,star lit diamond powder,tata harper let there be light,make up for ever star lit diamond powder
107,l'occitane,holiday hand cream trio,peter thomas roth,"jet, set, facial",l'occitane holiday hand cream trio,"peter thomas roth jet, set, facial"
108,sand & sky,australian pink clay flash perfection exfoliating treatment,guerlain,all eyes on you palette,sand & sky australian pink clay flash perfection exfoliating treatment,guerlain all eyes on you palette
109,estée lauder,"protect + hydrate for healthy, youthful looking skin",dr. dennis gross skincare,peel vault,"estée lauder protect + hydrate for healthy, youthful looking skin",dr. dennis gross skincare peel vault
110,lancôme,rosy skincare collection,sephora collection,the glowy surprise face and lip kit popper,lancôme rosy skincare collection,sephora collection the glowy surprise face and lip kit popper
111,tarte,party prep set,gucci,bloom nettare di fiori rollerball,tarte party prep set,gucci bloom nettare di fiori rollerball
112,sk-ii,facial treatment essence karan singh limited edition,sephora collection,rising star canister brush set,sk-ii facial treatment essence karan singh limited edition,sephora collection rising star canister brush set
113,origins,original skin glow getters,charlotte tilbury,charlotte's magic cream mini,origins original skin glow getters,charlotte tilbury charlotte's magic cream mini
114,omorovicza,holiday intro set,sephora collection,holographic effect stick,omorovicza holiday intro set,sephora collection holographic effect stick
115,dr. dennis gross skincare,hyaluronic marine collagen lip cushion,living proof,perfect hair day jumbo set,dr. dennis gross skincare hyaluronic marine collagen lip cushion,living proof perfect hair day jumbo set
116,murad,bright on time,sephora collection,lilly lashes for sephora collection lash set,murad bright on time,sephora collection lilly lashes for sephora collection lash set
117,murad,glow on the spot,korres,greek beauty sleep,murad glow on the spot,korres greek beauty sleep
118,youth to the people,super glow hydration duo,stila,kiss me stila mini stay all day liquid lipstick set,youth to the people super glow hydration duo,stila kiss me stila mini stay all day liquid lipstick set
119,glow recipe,watermelon pink juice moisturizer mini,sephora collection,sephora pro new nudes palette,glow recipe watermelon pink juice moisturizer mini,sephora collection sephora pro new nudes palette
120,l'occitane,holiday crackers set,sephora collection,give me some glitter set,l'occitane holiday crackers set,sephora collection give me some glitter set
121,peter thomas roth,eyes to die for turbo duo,caudalie,on the glow french faves,peter thomas roth eyes to die for turbo duo,caudalie on the glow french faves
122,welleco,the super elixir refill,hourglass,confession vault lipstick collection,welleco the super elixir refill,hourglass confession vault lipstick collection
123,play! by sephora,play! smarts: skincare by age: 50s+,tata harper,let there be light,play! by sephora play! smarts: skincare by age: 50s+,tata harper let there be light
124,eve lom,decadent cleanser gift set,benefit cosmetics,vanity flare nude eyeshadow palette,eve lom decadent cleanser gift set,benefit cosmetics vanity flare nude eyeshadow palette
125,korres,skin balancing beauties,sephora favorites,perfume sampler,korres skin balancing beauties,sephora favorites perfume sampler
126,peter thomas roth,must haves vault,lilah b.,aglow face mist set,peter thomas roth must haves vault,lilah b. aglow face mist set
127,sephora collection,crazy for clay!,sand & sky,australian pink clay flash perfection exfoliating treatment,sephora collection crazy for clay!,sand & sky australian pink clay flash perfection exfoliating treatment
128,peace out,peace out favorites,winky lux,glimmer balm,peace out peace out favorites,winky lux glimmer balm
129,wander beauty,baggage claim rose gold eye masks,drybar,glitter gang,wander beauty baggage claim rose gold eye masks,drybar glitter gang
130,la mer,treatment lotion hydrating mask,lashfood,better together,la mer treatment lotion hydrating mask,lashfood better together
131,kate somerville,breakout fighters,estée lauder,"protect + hydrate for healthy, youthful looking skin",kate somerville breakout fighters,"estée lauder protect + hydrate for healthy, youthful looking skin"
132,eve lom,iconic cleanser ornament,cover fx,glam & glow liquid lights vault,eve lom iconic cleanser ornament,cover fx glam & glow liquid lights vault
133,welleco,the nourishing protein,dior,miss dior blooming bouquet rollerpearl,welleco the nourishing protein,dior miss dior blooming bouquet rollerpearl
134,fresh,frequent flyer,sephora collection,starlit traincase,fresh frequent flyer,sephora collection starlit traincase
135,philosophy,philosophy's guide to warm and cozy,sephora collection,starlit brush set,philosophy philosophy's guide to warm and cozy,sephora collection starlit brush set
136,saturday skin,saturday squeak,lancôme,rosy skincare collection,saturday skin saturday squeak,lancôme rosy skincare collection
137,four sigmatic,mushroom lemonade mix with charcoal & chaga,sephora collection,wish upon a star advent calendar,four sigmatic mushroom lemonade mix with charcoal & chaga,sephora collection wish upon a star advent calendar
138,biossance,love to travel,tarte,party prep set,biossance love to travel,tarte party prep set
139,eve lom,the award winners,sephora collection,twinkle time sponge,eve lom the award winners,sephora collection twinkle time sponge
140,welleco,the super elixir travel set,atelier cologne,discovery advent calendar,welleco the super elixir travel set,atelier cologne discovery advent calendar
141,dior,capture totale holiday set,sephora collection,fringe false lash set,dior capture totale holiday set,sephora collection fringe false lash set
142,blithe,gold apricot pressed serum,sk-ii,facial treatment essence karan singh limited edition,blithe gold apricot pressed serum,sk-ii facial treatment essence karan singh limited edition
143,peter thomas roth,firmx 360 eye renewal,black up,blush me up palette,peter thomas roth firmx 360 eye renewal,black up blush me up palette
144,clinique,merry moisture pop ornament,alterna haircare,caviar anti-aging replenishing moisture jumbo kit,clinique merry moisture pop ornament,alterna haircare caviar anti-aging replenishing moisture jumbo kit
145,kopari,coconut lip scrubby,sephora collection,tinsel time false lash,kopari coconut lip scrubby,sephora collection tinsel time false lash
146,clarisonic,clear skin stocking stuffer,origins,original skin glow getters,clarisonic clear skin stocking stuffer,origins original skin glow getters
147,four sigmatic,chai latte mushroom mix with turkey tail & reishi,make up for ever,mixing balm,four sigmatic chai latte mushroom mix with turkey tail & reishi,make up for ever mixing balm
148,blithe,inbetween hydro priming cream,sephora collection,crazy for clay!,blithe inbetween hydro priming cream,sephora collection crazy for clay!
149,clarisonic,makeup blending stocking stuffer,buxom,party all night mini lip plumping set,clarisonic makeup blending stocking stuffer,buxom party all night mini lip plumping set
150,welleco,sleep welle fortified calming tea refill,omorovicza,holiday intro set,welleco sleep welle fortified calming tea refill,omorovicza holiday intro set
151,j.one,haart mermaid glow color lip balm,sephora collection,starlit clutch,j.one haart mermaid glow color lip balm,sephora collection starlit clutch
152,welleco,the nourishing protein travel set,murad,bright on time,welleco the nourishing protein travel set,murad bright on time
153,eve lom,radiance transforming mask,lancôme,starlight sparkle dual finish highlighter palette,eve lom radiance transforming mask,lancôme starlight sparkle dual finish highlighter palette
154,blithe,inbetween instant glowing cream,prada,candy sugar pop gift set,blithe inbetween instant glowing cream,prada candy sugar pop gift set
155,welleco,sleep welle fortified calming tea,black up,sublime light powder,welleco sleep welle fortified calming tea,black up sublime light powder
156,herbivore,rosewater hydration trio,murad,glow on the spot,herbivore rosewater hydration trio,murad glow on the spot
157,blithe,inbetween makeup prep essence,it cosmetics,superhero elastic stretch volumizing mascara mini confetti popper,blithe inbetween makeup prep essence,it cosmetics superhero elastic stretch volumizing mascara mini confetti popper
158,bioeffect,egf serum,briogeo,hair-o-scopes brightest stars bestsellers,bioeffect egf serum,briogeo hair-o-scopes brightest stars bestsellers
159,glamglow,paint the town set,anastasia beverly hills,glitter adhesive,glamglow paint the town set,anastasia beverly hills glitter adhesive
160,fresh,vitamin c antioxidant glow face mist,youth to the people,super glow hydration duo,fresh vitamin c antioxidant glow face mist,youth to the people super glow hydration duo
161,ren clean skincare,stop being so sensitive,inc.redible,you lucky pucker prep & party lip gift set,ren clean skincare stop being so sensitive,inc.redible you lucky pucker prep & party lip gift set
162,dr. jart+,"maskapalooza! every mask, every concern",sephora collection,museum of ice cream x sephora collection i scream charm bracelet,"dr. jart+ maskapalooza! every mask, every concern",sephora collection museum of ice cream x sephora collection i scream charm bracelet
163,kiehl's since 1851,collection for a cause,nudestix,smokey gold eyes mini set,kiehl's since 1851 collection for a cause,nudestix smokey gold eyes mini set
164,fresh,sugar sweetcase,peter thomas roth,eyes to die for turbo duo,fresh sugar sweetcase,peter thomas roth eyes to die for turbo duo
165,sephora collection,glitter & chill cooling mask,huda beauty,obsessions eyeshadow palette – precious stones collection,sephora collection glitter & chill cooling mask,huda beauty obsessions eyeshadow palette – precious stones collection
166,glamglow,bubblesheet oxygenating deep cleanse mask - breast cancer awareness edition,welleco,the super elixir refill,glamglow bubblesheet oxygenating deep cleanse mask - breast cancer awareness edition,welleco the super elixir refill
167,clinique,nighttime tlc,urban decay,naked cherry eyeshadow palette,clinique nighttime tlc,urban decay naked cherry eyeshadow palette
168,tarte,mermaid staycation,tocca,crema veloce gift set,tarte mermaid staycation,tocca crema veloce gift set
169,origins,high-potency night-a-mins resurfacing cream with fruit-derived ahas,fenty beauty by rihanna,diamond bomb all-over diamond veil,origins high-potency night-a-mins resurfacing cream with fruit-derived ahas,fenty beauty by rihanna diamond bomb all-over diamond veil
170,estée lauder,"revitalize + glow for firmer, youthful-looking skin",eve lom,decadent cleanser gift set,"estée lauder revitalize + glow for firmer, youthful-looking skin",eve lom decadent cleanser gift set
171,first aid beauty,priming paradise,too faced,gingerbread spice eye shadow palette,first aid beauty priming paradise,too faced gingerbread spice eye shadow palette
172,fresh,sugar wonder drops lip primer,sephora favorites,best hair ever,fresh sugar wonder drops lip primer,sephora favorites best hair ever
173,glamglow,hydration dream team set,natasha denona,gold eyeshadow palette,glamglow hydration dream team set,natasha denona gold eyeshadow palette
174,boscia,good clean fun - powered by plants skin kit,korres,skin balancing beauties,boscia good clean fun - powered by plants skin kit,korres skin balancing beauties
175,dior,capture dreamskin fresh & perfect cushion broad spectrum spf 50,tarte,pineapple of my eye collector's set,dior capture dreamskin fresh & perfect cushion broad spectrum spf 50,tarte pineapple of my eye collector's set
176,biossance,squalane + glycolic renewal facial,sephora collection,the enchanting colors eye and face palette,biossance squalane + glycolic renewal facial,sephora collection the enchanting colors eye and face palette
177,dr. jart+,ceramidin liquid,sephora favorites,give me more lip,dr. jart+ ceramidin liquid,sephora favorites give me more lip
178,boscia,dig deep - the charcoal skin kit,peter thomas roth,must haves vault,boscia dig deep - the charcoal skin kit,peter thomas roth must haves vault
179,glamglow,tropicalcleanse daily exfoliating cleaner,hourglass,ambient lighting edit unlocked palette,glamglow tropicalcleanse daily exfoliating cleaner,hourglass ambient lighting edit unlocked palette
180,sephora collection,supermask - the golden mask,sephora collection,crazy for clay!,sephora collection supermask - the golden mask,sephora collection crazy for clay!
181,first aid beauty,clean canyon,sephora favorites,lashstash,first aid beauty clean canyon,sephora favorites lashstash
182,laneige,fresh calming toner,burberry,my burberry blush gift set,laneige fresh calming toner,burberry my burberry blush gift set
183,foreo,ufo,anastasia beverly hills,norvina eyeshadow palette,foreo ufo,anastasia beverly hills norvina eyeshadow palette
184,l'occitane,holiday hand cream 5-piece set,peace out,peace out favorites,l'occitane holiday hand cream 5-piece set,peace out peace out favorites
185,laneige,fresh calming mousse moisturizer,urban decay,all nighter long-lasting makeup setting spray duo,laneige fresh calming mousse moisturizer,urban decay all nighter long-lasting makeup setting spray duo
186,l'occitane,shea butter travel duo,sephora favorites,party hair styling spray collection,l'occitane shea butter travel duo,sephora favorites party hair styling spray collection
187,tata harper,resurfacing mask limited edition,farsáli,skintune blur perfecting primer serum,tata harper resurfacing mask limited edition,farsáli skintune blur perfecting primer serum
188,l'occitane,holiday almond ornament,wander beauty,baggage claim rose gold eye masks,l'occitane holiday almond ornament,wander beauty baggage claim rose gold eye masks
189,kiehl's since 1851,youth dose eye treatment,pat mcgrath labs,mothership v eyeshadow palette - bronze seduction,kiehl's since 1851 youth dose eye treatment,pat mcgrath labs mothership v eyeshadow palette - bronze seduction
190,kiehl's since 1851,merry masking,sephora collection,museum of ice cream x sephora collection sugar wafer face palette,kiehl's since 1851 merry masking,sephora collection museum of ice cream x sephora collection sugar wafer face palette
191,josie maran,soul sisters pure argan hydration duo,dior,rouge dior mini 4-piece set,josie maran soul sisters pure argan hydration duo,dior rouge dior mini 4-piece set
192,first aid beauty,hydration harbor,la mer,treatment lotion hydrating mask,first aid beauty hydration harbor,la mer treatment lotion hydrating mask
193,boscia,the future is female peppermint blotting linens,charlotte tilbury,matte revolution lipstick,boscia the future is female peppermint blotting linens,charlotte tilbury matte revolution lipstick
194,kopari,beauty besties,eve lom,iconic cleanser ornament,kopari beauty besties,eve lom iconic cleanser ornament
195,sephora collection,experiential masks set,beautyblender,sweet surprise mystery blind bag,sephora collection experiential masks set,beautyblender sweet surprise mystery blind bag
196,caudalie,urban skin essentials,jo malone london,honeysuckle & davana cologne,caudalie urban skin essentials,jo malone london honeysuckle & davana cologne
197,play! by sephora,play! smarts: skincare by age: 30s,charlotte tilbury,airbrush flawless finish setting powder,play! by sephora play! smarts: skincare by age: 30s,charlotte tilbury airbrush flawless finish setting powder
198,lancer,skincare heroes,welleco,the nourishing protein,lancer skincare heroes,welleco the nourishing protein
199,clinique,limited edition dramatically different moisturizing gel,living proof,restore dry scalp treatment,clinique limited edition dramatically different moisturizing gel,living proof restore dry scalp treatment
