,Product Name,Posting Date,Upvotes,Source
0,mask heroes face savers,N/A,N/A,Sephora New
1,beauty shroom vegan collagen protection,N/A,N/A,Sephora New
2,beauty shroom exfoliating acid potion,N/A,N/A,Sephora New
3,face mask magic,2013-05-22 00:14:41,11,Sephora New
4,kiss and make up set,2015-10-17 01:11:53,7,Sephora New
5,agent ellie day kit,N/A,N/A,Sephora New
6,glow cycle retin-alt power serum,2018-09-16 20:30:11,1,Sephora New
7,the super elixir,2013-10-01 11:57:05,6,Sephora New
8,merry little miracles,N/A,N/A,Sephora New
9,inspector drunk night kit,2018-09-26 08:35:25,1,Sephora New
10,bum bum carnaval extravaganza,N/A,N/A,Sephora New
11,skincare for makeup lovers obento box,N/A,N/A,Sephora New
12,sugar jetsetter,N/A,N/A,Sephora New
13,glow brightly - radiance-boosting super set,N/A,N/A,Sephora New
14,the big reveal kit,2014-11-11 01:08:35,1,Sephora New
15,jade facial roller,2014-04-23 20:09:20,4,Sephora New
16,destination sugar,N/A,N/A,Sephora New
17,overtime mask,2013-09-03 11:47:28,1,Sephora New
18,sky high-dration,N/A,N/A,Sephora New
19,mask frenzy,2018-09-30 05:11:04,1,Sephora New
20,good genes holiday kit,N/A,N/A,Sephora New
21,secrets of algae kit,N/A,N/A,Sephora New
22,goodnight glow retin-alt sleeping crème,N/A,N/A,Sephora New
23,brighten up & glow,2012-04-15 10:34:32,1,Sephora New
24,brightening heroes,N/A,N/A,Sephora New
25,sleep and glow set,2013-11-21 09:11:21,14,Sephora New
26,bestsellers set,2014-11-26 17:00:59,1,Sephora New
27,everyday protection essentials,2018-03-28 03:59:11,1,Sephora New
28,"ready, set, firm",N/A,N/A,Sephora New
29,our best of the best,2012-02-07 05:47:44,2,Sephora New
30,mia smart 3-in-1 connected sonic beauty device,N/A,N/A,Sephora New
31,skin summit,2015-06-02 11:19:53,1,Sephora New
32,bright delights,N/A,N/A,Sephora New
33,pore-perfecting moisturizer & cleanser duo,2017-08-04 14:48:28,1,Sephora New
34,mask for miles,2013-12-25 00:39:15,1,Sephora New
35,rescue party kit,N/A,N/A,Sephora New
36,merry merry moisturizers,2013-12-25 20:35:04,1,Sephora New
37,lancôme holiday favorites,N/A,N/A,Sephora New
38,go-to glow set,2013-09-17 00:29:38,1,Sephora New
39,australian pink clay porefining face mask,N/A,N/A,Sephora New
40,limited edition watermelon jelly tote set,N/A,N/A,Sephora New
41,sauna glow - warming-cooling scrub & mask set,N/A,N/A,Sephora New
42,blueberry bounce gentle cleanser,2018-02-11 19:39:35,1,Sephora New
43,it's your life-changing skincare secret,N/A,N/A,Sephora New
44,superheroes skin transformers,N/A,N/A,Sephora New
45,natural hydrating heroes,N/A,N/A,Sephora New
46,ceramidin cream,2014-02-27 18:28:22,1,Sephora New
47,caudalie beauty secrets,N/A,N/A,Sephora New
48,ultimate anti-aging trio,N/A,N/A,Sephora New
49,c me sparkle,2014-05-16 11:00:52,1,Sephora New
50,the superstar set,2018-02-24 23:05:57,3,Sephora New
51,the trunk,2013-01-15 08:02:27,1,Sephora New
52,flash fix kit,2018-01-04 08:33:24,1,Sephora New
53,out of office,2012-10-25 15:40:03,2,Sephora New
54,12 days of essential beauty,2016-02-06 03:14:23,11,Sephora New
55,radically radiant,N/A,N/A,Sephora New
56,play! smarts: skincare by age: 40s,N/A,N/A,Sephora New
57,evercalm overnight recovery balm,N/A,N/A,Sephora New
58,holiday fantasy cera never runs dry,N/A,N/A,Sephora New
59,"hello, calm relaxing & hydrating face mask with cannabis sativa seed oil",N/A,N/A,Sephora New
60,cleanse & detox aha/bha kit,N/A,N/A,Sephora New
61,play! smarts: k-beauty: skin innovation,N/A,N/A,Sephora New
62,cream of the crop,2012-06-01 22:50:19,5,Sephora New
63,charlotte's magic cream,N/A,N/A,Sephora New
64,roundtrip ritual,N/A,N/A,Sephora New
65,nonstop radiance,N/A,N/A,Sephora New
66,this is coco-nuts! set,N/A,N/A,Sephora New
67,facial on the fly,2017-09-17 16:21:35,2,Sephora New
68,squalane + omega repair cream,2015-07-05 13:28:39,1,Sephora New
69,sugar carry-on,2012-02-19 20:06:35,4,Sephora New
70,+retinol vita c power serum,N/A,N/A,Sephora New
71,ceramic slip cleanser,2015-03-26 03:53:58,1,Sephora New
72,mini mask trio,2015-01-19 10:45:04,1,Sephora New
73,it's time to celebrate you!,2014-05-08 13:28:49,275,Sephora New
74,"be love, give love argan firm + nourish power duo",N/A,N/A,Sephora New
75,get drenched!,2013-09-06 11:58:12,2,Sephora New
76,the gift of magic skin mini skincare trio,N/A,N/A,Sephora New
77,starlight bright,N/A,N/A,Sephora New
78,dew holiday right,N/A,N/A,Sephora New
79,active retinol renewal kit,N/A,N/A,Sephora New
80,charlotte's magic cream mini,N/A,N/A,Sephora New
81,best sellers set,2013-06-21 14:34:38,3,Sephora New
82,party prep set,N/A,N/A,Sephora New
83,minus serum,2013-01-03 14:43:43,2,Sephora New
84,gold mini express skin toning collection,N/A,N/A,Sephora New
85,let there be light,2012-08-19 02:01:48,1,Sephora New
86,mini mask musts,N/A,N/A,Sephora New
87,facial treatment essence karan singh limited edition,N/A,N/A,Sephora New
88,australian pink clay flash perfection exfoliating treatment,N/A,N/A,Sephora New
89,the problem solver set,2017-01-07 23:06:01,5,Sephora New
90,revitalixir recovery serum,N/A,N/A,Sephora New
91,super glow hydration duo,2017-12-01 05:57:28,1,Sephora New
92,watermelon pink juice moisturizer mini,2018-05-31 16:43:07,1,Sephora New
93,cicapair friends skin soothers,2018-09-30 01:50:52,1,Sephora New
94,frequent flyer,2012-11-24 19:22:49,2,Sephora New
95,decadent cleanser gift set,N/A,N/A,Sephora New
96,hyaluronic marine collagen lip cushion,N/A,N/A,Sephora New
97,crazy for clay!,2012-06-16 02:09:32,2,Sephora New
98,peace out favorites,2018-01-11 19:40:05,1,Sephora New
99,the super elixir refill,N/A,N/A,Sephora New
100,holiday hand cream trio,2018-02-28 12:06:49,1,Sephora New
101,baggage claim rose gold eye masks,N/A,N/A,Sephora New
102,protect + hydrate keep glowing with powerful protection and 24-hour hydration,N/A,N/A,Sephora New
103,treatment lotion hydrating mask,2013-05-06 11:37:56,2,Sephora New
104,the nourishing protein,2013-01-16 16:54:02,1,Sephora New
105,the award winners,2014-10-09 21:25:15,22,Sephora New
106,clear skin stocking stuffer,N/A,N/A,Sephora New
107,the super elixir travel set,N/A,N/A,Sephora New
108,gold apricot pressed serum,2018-01-16 20:56:03,1,Sephora New
109,makeup blending stocking stuffer,N/A,N/A,Sephora New
110,advanced génifique youth activating serum duo,N/A,N/A,Sephora New
111,rosewater hydration trio,2017-09-12 16:12:47,2,Sephora New
112,inbetween hydro priming cream,N/A,N/A,Sephora New
113,optimizer voyage tri-light rose gold holiday set,N/A,N/A,Sephora New
114,haart mermaid glow color lip balm,N/A,N/A,Sephora New
115,sleep welle fortified calming tea refill,N/A,N/A,Sephora New
116,purifying & comforting duo,N/A,N/A,Sephora New
117,radiance transforming mask,2017-06-08 15:34:33,1,Sephora New
118,inbetween instant glowing cream,N/A,N/A,Sephora New
119,the nourishing protein travel set,N/A,N/A,Sephora New
120,inbetween makeup prep essence,N/A,N/A,Sephora New
121,self love bath + body ritual kit,N/A,N/A,Sephora New
122,lifting & firming duo,2018-08-14 01:25:30,1,Sephora New
123,holiday nice list,2017-01-16 06:53:28,2,Sephora New
124,sleep welle fortified calming tea,N/A,N/A,Sephora New
125,holiday crackers set,N/A,N/A,Sephora New
126,wild rose radiance,2013-02-01 21:48:52,2,Sephora New
127,paint the town set,N/A,N/A,Sephora New
128,sugar sweetcase,N/A,N/A,Sephora New
129,stop being so sensitive,2012-11-06 17:07:29,3,Sephora New
130,play! smarts: skincare by age: 50s+,N/A,N/A,Sephora New
131,mia smart cleanse & uplift holiday gift set,N/A,N/A,Sephora New
132,ceramidin liquid,2014-01-14 19:02:34,1,Sephora New
133,collection for a cause,2013-12-17 14:52:35,-4,Sephora New
134,vitamin c antioxidant glow face mist,2017-12-24 15:45:02,1,Sephora New
135,mermaid staycation,N/A,N/A,Sephora New
136,"repair and renew for radiant, youthful - looking skin",N/A,N/A,Sephora New
137,bubblesheet oxygenating deep cleanse mask - breast cancer awareness edition,N/A,N/A,Sephora New
138,glitter & chill cooling mask,N/A,N/A,Sephora New
139,egf serum,2014-07-01 06:01:00,5,Sephora New
140,the ultimate glow-to's,N/A,N/A,Sephora New
141,nighttime tlc,2015-06-16 13:26:08,1,Sephora New
142,urban skin essentials,2012-12-18 11:01:37,1,Sephora New
143,winter waterdrop kit,2018-10-17 20:01:53,1,Sephora New
144,"maskapalooza! every mask, every concern",N/A,N/A,Sephora New
145,dig deep - the charcoal skin kit,N/A,N/A,Sephora New
146,priming paradise,N/A,N/A,Sephora New
147,the sweetest thing,2013-08-29 18:22:21,2,Sephora New
148,high-potency night-a-mins resurfacing cream with fruit-derived ahas,N/A,N/A,Sephora New
149,good clean fun - powered by plants skin kit,N/A,N/A,Sephora New
150,sugar wonder drops lip primer,N/A,N/A,Sephora New
151,love your face,2012-03-07 17:03:17,1,Sephora New
152,capture dreamskin fresh & perfect cushion broad spectrum spf 50,N/A,N/A,Sephora New
153,tropicalcleanse daily exfoliating cleaner,N/A,N/A,Sephora New
154,supermask - the golden mask,N/A,N/A,Sephora New
155,"revitalize + glow for firmer, youthful-looking skin",N/A,N/A,Sephora New
156,squalane + glycolic renewal facial,2017-11-06 20:32:07,1,Sephora New
157,mask appeal,2013-01-04 08:11:29,2,Sephora New
158,hydration dream team set,N/A,N/A,Sephora New
159,fresh calming mousse moisturizer,2017-03-15 07:35:30,129,Sephora New
160,clean canyon,2013-06-09 13:28:28,3,Sephora New
161,holiday hand cream 5-piece set,N/A,N/A,Sephora New
162,fresh calming toner,2013-06-17 22:26:10,2,Sephora New
163,merry masking,N/A,N/A,Sephora New
164,bamboo me beautiful,2018-06-25 16:15:21,1,Sephora New
165,youth dose eye treatment,N/A,N/A,Sephora New
166,shea butter travel duo,N/A,N/A,Sephora New
167,holiday almond ornament,N/A,N/A,Sephora New
168,ufo,2016-08-04 03:57:33,3,Sephora New
169,the future is female peppermint blotting linens,N/A,N/A,Sephora New
170,spectralite faceware pro,N/A,N/A,Sephora New
171,hydration harbor,2018-10-16 16:01:31,1,Sephora New
172,resurfacing mask limited edition,2016-12-03 23:49:43,2,Sephora New
173,poreless skin holiday gift set: mia smart x kiehl's,N/A,N/A,Sephora New
174,winter skin soothers,2018-10-17 11:39:31,1,Sephora New
175,kate's mini must haves,N/A,N/A,Sephora New
176,soul sisters pure argan hydration duo,N/A,N/A,Sephora New
177,beauty besties,N/A,N/A,Sephora New
178,power-packed essentials,N/A,N/A,Sephora New
179,limited edition dramatically different moisturizing gel,N/A,N/A,Sephora New
180,no filter needed kit,N/A,N/A,Sephora New
181,aqua bomb mist,2016-06-09 19:23:10,2,Sephora New
182,forget the filter set,2016-01-31 12:44:18,1,Sephora New
183,experiential masks set,N/A,N/A,Sephora New
184,essential fx starter collection,N/A,N/A,Sephora New
185,mia smart cleanse and blend holiday gift set,N/A,N/A,Sephora New
186,play! smarts: skincare by age: 30s,N/A,N/A,Sephora New
187,dermal quench wrinkle warrior,N/A,N/A,Sephora New
188,one essential holiday set,2017-12-13 01:01:31,1,Sephora New
189,skincare heroes,2014-05-04 03:39:04,3,Sephora New
190,limited edition dramatically different moisturizing lotion+,N/A,N/A,Sephora New
191,hand mask - avocado,2013-08-20 13:36:23,3,Sephora New
192,peel vault,N/A,N/A,Sephora New
193,discovery kit,2013-02-25 13:44:47,3,Sephora New
194,mighty moisture,2015-04-22 17:18:09,2,Sephora New
195,greek beauty sleep,N/A,N/A,Sephora New
196,face the glow,2012-04-15 10:34:32,1,Sephora New
197,on the glow french faves,N/A,N/A,Sephora New
198,"jet, set, facial",2018-03-17 15:53:00,5,Sephora New
199,perfect canvas skin finishing serum limited edition,N/A,N/A,Sephora New
200,dr. jart+,2012-11-08 19:59:54,10,Sephora New
201,moon juice,2015-05-05 19:47:19,2,Sephora New
202,sephora collection,2013-02-20 16:43:06,3,Sephora New
203,laneige,2012-07-25 18:21:18,4,Sephora New
204,drunk elephant,2014-05-10 21:08:34,3,Sephora New
205,olehenriksen,2012-10-16 17:30:28,3,Sephora New
206,welleco,2018-10-08 16:59:59,1,Sephora New
207,la mer,2012-01-10 17:26:34,1,Sephora New
208,sol de janeiro,2016-10-10 15:28:59,7,Sephora New
209,tatcha,2013-04-01 17:42:29,2,Sephora New
210,fresh,2012-01-23 22:09:09,3,Sephora New
211,herbivore,2013-04-27 15:25:33,2,Sephora New
212,summer fridays,2014-11-10 16:54:24,29,Sephora New
213,peter thomas roth,2012-04-23 21:15:54,2,Sephora New
214,sunday riley,2014-02-16 18:55:40,1,Sephora New
215,algenist,2012-12-05 15:28:12,2,Sephora New
216,kiehl's since 1851,2014-03-02 22:14:06,2,Sephora New
217,caudalie,2012-10-17 17:35:46,3,Sephora New
218,shiseido,2012-02-07 13:12:22,1,Sephora New
219,origins,2012-01-14 18:47:11,2,Sephora New
220,clarisonic,2012-01-13 23:59:00,1,Sephora New
221,first aid beauty,2012-06-07 13:44:15,2,Sephora New
222,belif,2015-07-21 07:17:38,1,Sephora New
223,lancôme,2012-08-31 19:43:05,2,Sephora New
224,clinique,2012-01-14 18:47:11,2,Sephora New
225,sand & sky,2014-01-03 04:45:18,2,Sephora New
226,glow recipe,2013-07-30 16:39:53,3,Sephora New
227,it cosmetics,2012-01-10 18:57:20,2,Sephora New
228,dr. dennis gross skincare,2012-12-19 23:04:50,3,Sephora New
229,glamglow,2013-02-09 12:42:09,4,Sephora New
230,amorepacific,2013-04-10 19:51:17,1,Sephora New
231,kate somerville,2012-11-08 23:03:15,5,Sephora New
232,play! by sephora,2014-06-27 12:46:23,1,Sephora New
233,ren clean skincare,2013-11-11 13:02:06,2,Sephora New
234,farmacy,2012-05-15 08:18:41,2,Sephora New
235,charlotte tilbury,2013-11-06 08:49:57,5,Sephora New
236,biossance,2016-02-18 15:59:57,1,Sephora New
237,josie maran,2012-01-14 18:47:11,2,Sephora New
238,saturday skin,2012-12-04 02:56:00,2,Sephora New
239,murad,2012-03-07 17:03:17,1,Sephora New
240,tarte,2012-05-01 23:46:04,2,Sephora New
241,private doctor,2012-09-25 20:50:06,2,Sephora New
242,nuface,2014-03-16 20:27:40,1,Sephora New
243,tata harper,2012-11-22 09:22:56,2,Sephora New
244,sk-ii,2013-01-11 21:45:04,2,Sephora New
245,youth to the people,2013-01-16 09:52:59,1,Sephora New
246,eve lom,2013-03-04 02:19:15,4,Sephora New
247,peace out,2012-11-05 13:00:30,2,Sephora New
248,l'occitane,2012-04-01 19:16:25,2,Sephora New
249,wander beauty,2014-01-25 07:08:23,2,Sephora New
250,estée lauder,2012-06-26 07:17:21,1,Sephora New
251,blithe,2016-08-04 12:51:06,1,Sephora New
252,skin inc supplement bar,N/A,N/A,Sephora New
253,j.one,2017-03-06 15:23:34,9,Sephora New
254,korres,2012-07-16 18:27:51,3,Sephora New
255,bioeffect,2018-03-15 19:30:13,1,Sephora New
256,boscia,2012-08-18 18:11:37,3,Sephora New
257,hum nutrition,2015-08-06 05:28:36,1,Sephora New
258,dior,2012-06-19 23:05:03,2,Sephora New
259,foreo,2014-02-03 16:49:21,1,Sephora New
260,kopari,2016-05-10 13:41:49,1,Sephora New
261,dr. brandt skincare,2013-04-25 13:46:46,6,Sephora New
262,perricone md,2013-02-27 13:34:42,2,Sephora New
263,lancer,2014-07-29 07:34:12,1,Sephora New
264,indie lee,2013-02-27 11:34:13,1,Sephora New
265,meet the fam milk bestsellers set,N/A,N/A,Sephora New
266,sweet indulgence set,N/A,N/A,Sephora New
267,shimmering skin perfector pressed highlighter mini macaron set,N/A,N/A,Sephora New
268,the sweet smell of christmas-mini melted liquid lipstick set,N/A,N/A,Sephora New
269,sultry eyeshadow palette,N/A,N/A,Sephora New
270,little fetishes orgasm lip and blush set,N/A,N/A,Sephora New
271,holiday perfume sampler,N/A,N/A,Sephora New
272,killawatt foil freestyle highlighter palette,N/A,N/A,Sephora New
273,metallic eye + lip crayon set,N/A,N/A,Sephora New
274,airwrap styler,N/A,N/A,Sephora New
275,hot tryst cheek palette,N/A,N/A,Sephora New
276,confession refillable lipstick duo,N/A,N/A,Sephora New
277,once upon a castle advent calendar,N/A,N/A,Sephora New
278,l'eau rosee mini gift set,N/A,N/A,Sephora New
279,stars in your eyes eyshadow palette,N/A,N/A,Sephora New
280,frosted metal lipstick set,N/A,N/A,Sephora New
281,confession refillable lipstick set,N/A,N/A,Sephora New
282,joy by dior,N/A,N/A,Sephora New
283,lip gloss set mini,2012-12-01 20:33:42,1,Sephora New
284,pro filt'r complexion essentials,N/A,N/A,Sephora New
285,the brush crush heated straightening brush,N/A,N/A,Sephora New
286,avalanche all-over metallic powder set,N/A,N/A,Sephora New
287,party girl eye & lip kit,N/A,N/A,Sephora New
288,once upon a night blockbuster,N/A,N/A,Sephora New
289,match stix by the dozen,N/A,N/A,Sephora New
290,spiked audacious lipstick,N/A,N/A,Sephora New
291,3d dazzle mini glitter & glow liquid shadow set,N/A,N/A,Sephora New
292,cologne sampler,N/A,N/A,Sephora New
293,little fetishes bronzer & highlighter set,N/A,N/A,Sephora New
294,loose glitter,2014-11-17 19:48:17,9,Sephora New
295,blown-a-ouai noir set,N/A,N/A,Sephora New
296,diorific mat velvet colour lipstick,N/A,N/A,Sephora New
297,sephora pro editorial 2.0 palette,N/A,N/A,Sephora New
298,cream lip stain collection set,N/A,N/A,Sephora New
299,mini fairy bomb,N/A,N/A,Sephora New
300,manic velvet matte lip pencil set,N/A,N/A,Sephora New
301,conceal & blend dual ended complexion brush,N/A,N/A,Sephora New
302,coco mademoiselle the essentials for the weekend,N/A,N/A,Sephora New
303,metallic mini liquid lipstick set,N/A,N/A,Sephora New
304,hollywood lips lipstick mini set,N/A,N/A,Sephora New
305,platinum+ professional performance 1\,N/A,N/A,Sephora New
306,mattemoiselle 10/10,N/A,N/A,Sephora New
307,two lil mattemoiselles - chill owt edition,N/A,N/A,Sephora New
308,sephora pro smokey jewels palette,N/A,N/A,Sephora New
309,the luminous lifting cushion foundation spf 20 + refill,N/A,N/A,Sephora New
310,moroccan spice collection,N/A,N/A,Sephora New
311,shimmer heights mini shimmer & glow liquid eye shadow set,N/A,N/A,Sephora New
312,bloom nettare di fiori rollerball,N/A,N/A,Sephora New
313,nude attitude mini stay all day liquid lipstick set,N/A,N/A,Sephora New
314,color hit nail polish,N/A,N/A,Sephora New
315,special edition supersonic gift set,N/A,N/A,Sephora New
316,beauty universe makeup & skincare set,N/A,N/A,Sephora New
317,sexy nude gloss balm kit,N/A,N/A,Sephora New
318,j'adore eau de parfum jewel,N/A,N/A,Sephora New
319,lilly lashes for sephora collection lash set,N/A,N/A,Sephora New
320,rising star canister brush set,N/A,N/A,Sephora New
321,star lit diamond powder,N/A,N/A,Sephora New
322,perfume sampler,2013-10-30 15:52:29,2,Sephora New
323,kiss me stila mini stay all day liquid lipstick set,N/A,N/A,Sephora New
324,give me some glitter set,N/A,N/A,Sephora New
325,vanity flare nude eyeshadow palette,N/A,N/A,Sephora New
326,the big crushin’ smoothing + styling bundle,N/A,N/A,Sephora New
327,confession vault lipstick collection,N/A,N/A,Sephora New
328,glimmer balm,2017-08-20 19:21:29,1,Sephora New
329,enchanted sky eyeshadow palette,N/A,N/A,Sephora New
330,starlit brush set,N/A,N/A,Sephora New
331,aglow face mist set,N/A,N/A,Sephora New
332,wish upon a star advent calendar,N/A,N/A,Sephora New
333,deluxe perfume sampler,2018-02-27 19:26:45,1,Sephora New
334,peaches & dreams face set,N/A,N/A,Sephora New
335,party all night mini lip plumping set,N/A,N/A,Sephora New
336,glitter gang,N/A,N/A,Sephora New
337,starlit clutch,N/A,N/A,Sephora New
338,pro essential brush set: rose gold edition,N/A,N/A,Sephora New
339,glitter storm eyeshadow palette,N/A,N/A,Sephora New
340,starlight sparkle dual finish highlighter palette,N/A,N/A,Sephora New
341,glitter adhesive,N/A,N/A,Sephora New
342,my kind of love discovery set,2015-11-09 14:48:47,1,Sephora New
343,smokey gold eyes mini set,N/A,N/A,Sephora New
344,glitter flip duo,N/A,N/A,Sephora New
345,perfect hair day jumbo set,N/A,N/A,Sephora New
346,party animal nail set,N/A,N/A,Sephora New
347,you lucky pucker prep & party lip gift set,N/A,N/A,Sephora New
348,the enchanting colors eye and face palette,N/A,N/A,Sephora New
349,supervixen nail trio,N/A,N/A,Sephora New
350,obsessions eyeshadow palette – precious stones collection,N/A,N/A,Sephora New
351,naked cherry eyeshadow palette,N/A,N/A,Sephora New
352,black opium cracker gift set,N/A,N/A,Sephora New
353,diamond bomb all-over diamond veil,N/A,N/A,Sephora New
354,the overachiever high coverage concealer,N/A,N/A,Sephora New
355,thickening go big volumizing treatment,N/A,N/A,Sephora New
356,gingerbread spice eye shadow palette,N/A,N/A,Sephora New
357,ambient lighting edit volume 4,N/A,N/A,Sephora New
358,miss dior blooming bouquet rollerpearl,N/A,N/A,Sephora New
359,starlit traincase,N/A,N/A,Sephora New
360,pineapple of my eye collector's set,N/A,N/A,Sephora New
361,give me more lip,2012-12-07 07:39:57,1,Sephora New
362,perfume treasures,N/A,N/A,Sephora New
363,gold eyeshadow palette,N/A,N/A,Sephora New
364,lashstash,N/A,N/A,Sephora New
365,caviar anti-aging replenishing moisture jumbo kit,N/A,N/A,Sephora New
366,ambient lighting edit unlocked palette,N/A,N/A,Sephora New
367,norvina eyeshadow palette,N/A,N/A,Sephora New
368,sephora pro new nudes palette,N/A,N/A,Sephora New
369,mothership v eyeshadow palette - bronze seduction,N/A,N/A,Sephora New
370,skintune blur perfecting primer serum,N/A,N/A,Sephora New
371,sweet surprise mystery blind bag,N/A,N/A,Sephora New
372,my burberry blush gift set,N/A,N/A,Sephora New
373,all nighter long-lasting makeup setting spray duo,N/A,N/A,Sephora New
374,rouge dior mini 4-piece set,N/A,N/A,Sephora New
375,hair-o-scopes brightest stars bestsellers,N/A,N/A,Sephora New
376,power play concealer,2018-08-20 14:30:38,1,Sephora New
377,matte revolution lipstick,N/A,N/A,Sephora New
378,museum of ice cream x sephora collection i scream charm bracelet,N/A,N/A,Sephora New
379,airbrush flawless finish setting powder,2018-06-23 01:44:56,1,Sephora New
380,mini tatouage collection,N/A,N/A,Sephora New
381,rouge dior ultra rouge lipstick,N/A,N/A,Sephora New
382,clean reserve set,N/A,N/A,Sephora New
383,climax mascara,N/A,N/A,Sephora New
384,melted gingerbread girl liquified long wear matte lipstick,N/A,N/A,Sephora New
385,party hair styling spray collection,N/A,N/A,Sephora New
386,rouge pur couture the slim matte lipstick,N/A,N/A,Sephora New
387,glow for it,2012-01-15 10:24:14,1,Sephora New
388,star catcher eyeshadow pallete,N/A,N/A,Sephora New
389,dream queen limited-edition make up collection,N/A,N/A,Sephora New
390,under the christmas tree breakaway face & eye set,N/A,N/A,Sephora New
391,fetish eyeshadow palette,N/A,N/A,Sephora New
392,mon paris eau de parfum gift set,N/A,N/A,Sephora New
393,sweet treats agave lip care set,N/A,N/A,Sephora New
394,pret-a-powder limited edition powder & puff,N/A,N/A,Sephora New
395,best hair ever,2012-05-28 07:28:42,2,Sephora New
396,agave treat trio mini agave lip mask set,N/A,N/A,Sephora New
397,orgasm infatuation palette,N/A,N/A,Sephora New
398,spellbound brush set,N/A,N/A,Sephora New
399,mini star eyeshadow palette,2014-01-01 12:27:44,23,Sephora New
400,lip cheat lip liner,N/A,N/A,Sephora New
401,superstars kit,2013-10-01 20:31:47,2,Sephora New
402,acqua di gioia set,N/A,N/A,Sephora New
403,aura alight glitter & glow highlighter and liquid eyeshadow set,N/A,N/A,Sephora New
404,restore dry scalp treatment,2014-06-26 13:10:20,4,Sephora New
405,milk makeup,2012-05-31 08:31:35,1,Sephora New
406,beautyblender,2013-05-23 14:07:37,5,Sephora New
407,becca,2012-12-01 17:29:14,1,Sephora New
408,too faced,2012-05-24 22:13:51,1,Sephora New
409,anastasia beverly hills,2014-03-11 10:57:42,2,Sephora New
410,nars,2012-11-08 21:40:23,2,Sephora New
411,sephora favorites,2012-11-29 21:43:20,2,Sephora New
412,fenty beauty by rihanna,2017-12-01 14:08:43,1,Sephora New
413,dyson,2014-07-01 04:54:22,3,Sephora New
414,hourglass,2012-11-29 21:18:43,1,Sephora New
415,miu miu,2014-04-18 07:54:38,1,Sephora New
416,drybar,2015-03-11 12:57:59,1,Sephora New
417,stila,2012-11-24 22:45:47,1,Sephora New
418,huda beauty,2017-01-18 21:42:49,4,Sephora New
419,chanel,2012-03-14 01:36:45,1,Sephora New
420,ghd,2013-01-08 20:19:27,1,Sephora New
421,gucci,2014-03-10 06:05:55,20,Sephora New
422,nudestix,2016-12-28 13:27:19,2,Sephora New
423,make up for ever,2012-05-24 14:13:18,2,Sephora New
424,benefit cosmetics,2013-02-24 20:40:41,7,Sephora New
425,winky lux,2018-01-31 14:47:42,1,Sephora New
426,lilah b.,N/A,N/A,Sephora New
427,buxom,2013-08-29 10:23:53,1,Sephora New
428,ciaté london,N/A,N/A,Sephora New
429,kilian,N/A,N/A,Sephora New
430,living proof,2012-08-10 02:26:42,2,Sephora New
431,deborah lippmann,2014-12-06 14:36:52,1,Sephora New
432,inc.redible,N/A,N/A,Sephora New
433,urban decay,2012-05-24 23:35:03,5,Sephora New
434,yves saint laurent,2013-05-04 18:08:56,6,Sephora New
435,bumble and bumble,2013-01-06 18:34:25,1,Sephora New
436,atelier cologne,2018-01-25 17:38:19,1,Sephora New
437,natasha denona,2017-11-14 05:00:41,1,Sephora New
438,alterna haircare,2015-05-06 12:48:14,2,Sephora New
439,pat mcgrath labs,N/A,N/A,Sephora New
440,farsáli,2017-05-31 18:31:55,1,Sephora New
441,burberry,2013-02-06 18:37:59,1,Sephora New
442,briogeo,2016-12-28 13:27:19,2,Sephora New
443,cover fx,2012-12-05 23:01:16,1,Sephora New
444,clean,2012-01-14 22:52:55,1,Sephora New
445,kat von d,2013-04-06 22:03:50,3,Sephora New
446,bite beauty,2013-05-19 23:25:26,1,Sephora New
447,laura mercier,2012-07-11 15:59:35,3,Sephora New
448,giorgio armani beauty,2014-11-24 16:07:29,8,Sephora New
